particulars,posting_date,cost_center,voucher_type,debit,credit,net_balance
Opening Balance,,,,,,0.000000
Net settlement  for  NSE-Equity with settlement number: 2020030,2020-02-10,NSE-EQ - Z,Book Voucher,31.738252,0.000000,-31.738252
Funds added using NEFT/IMPS/RTGS from EW1120 with reference number 4112242874    ,2020-02-10,NSE-EQ - Z,Bank Receipts,0.000000,2000.000000,1968.261748
Call and Trade charges(Auto Square Off) for 2020-02-10,2020-02-10,NSE-EQ - Z,Journal Entry,23.600000,0.000000,1944.661748
Call and Trade charges(Auto Square Off) for 2020-02-11,2020-02-11,NSE-EQ - Z,Journal Entry,23.600000,0.000000,1921.061748
Net settlement  for  NSE-Equity with settlement number: 2020031,2020-02-11,NSE-EQ - Z,Book Voucher,415.087541,0.000000,1505.974207
Net settlement  for  NSE-Equity with settlement number: 2020034,2020-02-14,NSE-EQ - Z,Book Voucher,1108.166061,0.000000,397.808146
Net settlement  for  NSE-Equity with settlement number: 2020036,2020-02-18,NSE-EQ - Z,Book Voucher,196.339154,0.000000,201.468992
Net settlement  for  NSE-Equity with settlement number: 2020037,2020-02-19,NSE-EQ - Z,Book Voucher,0.037350,0.000000,201.431642
Net settlement  for  NSE-Equity with settlement number: 2020042,2020-02-27,NSE-EQ - Z,Book Voucher,193.138708,0.000000,8.292934
Call and Trade charges(Auto Square Off) for 2020-04-13,2020-04-13,NSE-EQ - Z,Journal Entry,118.000000,0.000000,-109.707066
Net settlement  for  NSE-Equity with settlement number: 2020070,2020-04-13,NSE-EQ - Z,Book Voucher,257.695759,0.000000,-367.402825
Funds added using UPI EW1120 with reference number 10409396953    ,2020-04-13,NSE-EQ - Z,Bank Receipts,0.000000,2135.000000,1767.597175
Funds added using UPI EW1120 with reference number 10410430491    ,2020-04-13,NSE-EQ - Z,Bank Receipts,0.000000,100.000000,1867.597175
Net settlement  for  NSE-Equity with settlement number: 2020071,2020-04-15,NSE-EQ - Z,Book Voucher,1813.150102,0.000000,54.447073
Net settlement  for  NSE-Equity with settlement number: 2020072,2020-04-16,NSE-EQ - Z,Book Voucher,0.000000,2.251442,56.698515
Net settlement  for  NSE-Equity with settlement number: 2020073,2020-04-17,NSE-EQ - Z,Book Voucher,12.324728,0.000000,44.373787
Net settlement  for  NSE-Equity with settlement number: 2020074,2020-04-20,NSE-EQ - Z,Book Voucher,0.000000,4.458221,48.832008
Net settlement  for  NSE-Equity with settlement number: 2020075,2020-04-21,NSE-EQ - Z,Book Voucher,0.000000,8.184877,57.016885
Funds added using UPI EW1120 with reference number 11209960867    ,2020-04-21,NSE-EQ - Z,Bank Receipts,0.000000,500.000000,557.016885
Net settlement  for  NSE-Equity with settlement number: 2020076,2020-04-22,NSE-EQ - Z,Book Voucher,113.752339,0.000000,443.264546
Funds added using UPI EW1120 with reference number 11312477820    ,2020-04-22,NSE-EQ - Z,Bank Receipts,0.000000,500.000000,943.264546
Call and Trade charges(Auto Square Off) for 2020-04-23,2020-04-23,NSE-EQ - Z,Journal Entry,59.000000,0.000000,884.264546
Net settlement  for  NSE-Equity with settlement number: 2020077,2020-04-23,NSE-EQ - Z,Book Voucher,28.363848,0.000000,855.900698
Funds added using UPI EW1120 with reference number 11513336092    ,2020-04-24,NSE-EQ - Z,Bank Receipts,0.000000,5000.000000,5855.900698
Funds added using UPI EW1120 with reference number 11511255296    ,2020-04-24,NSE-EQ - Z,Bank Receipts,0.000000,20000.000000,25855.900698
Net settlement  for  NSE-Equity with settlement number: 2020078,2020-04-24,NSE-EQ - Z,Book Voucher,24791.114761,0.000000,1064.785937
Call and Trade charges(Auto Square Off) for 2020-04-27,2020-04-27,NSE-EQ - Z,Journal Entry,59.000000,0.000000,1005.785937
Net settlement  for  NSE-Equity with settlement number: 2020079,2020-04-27,NSE-EQ - Z,Book Voucher,44.528508,0.000000,961.257429
Net settlement  for  NSE-Equity with settlement number: 2020080,2020-04-28,NSE-EQ - Z,Book Voucher,0.000000,28322.720972,29283.978401
Funds added using UPI EW1120 with reference number 11910850230    ,2020-04-28,NSE-EQ - Z,Bank Receipts,0.000000,1000.000000,30283.978401
Net settlement  for  NSE-Equity with settlement number: 2020081,2020-04-29,NSE-EQ - Z,Book Voucher,14482.805346,0.000000,15801.173055
DP Charges for Sale of INDUSINDBK on 28/04/2020,2020-04-30,NSE-EQ - Z,Journal Entry,15.930000,0.000000,15785.243055
Net settlement  for  NSE-Equity with settlement number: 2020084,2020-05-05,NSE-EQ - Z,Book Voucher,0.000000,506.325782,16291.568837
Net settlement  for  NSE-Equity with settlement number: 2020085,2020-05-06,NSE-EQ - Z,Book Voucher,33.525369,0.000000,16258.043468
Call and Trade charges(Auto Square Off) for 2020-05-06,2020-05-06,NSE-EQ - Z,Journal Entry,118.000000,0.000000,16140.043468
Net settlement  for  NSE-Equity with settlement number: 2020086,2020-05-07,NSE-EQ - Z,Book Voucher,14893.163120,0.000000,1246.880348
Net settlement  for  NSE-Equity with settlement number: 2020087,2020-05-08,NSE-EQ - Z,Book Voucher,0.000000,69.843300,1316.723648
Net settlement  for  NSE-Equity with settlement number: 2020088,2020-05-11,NSE-EQ - Z,Book Voucher,357.757252,0.000000,958.966396
Net settlement  for  NSE-Equity with settlement number: 2020089,2020-05-12,NSE-EQ - Z,Book Voucher,0.000000,9743.540981,10702.507377
DP Charges for Sale of DABUR on 11/05/2020,2020-05-13,NSE-EQ - Z,Journal Entry,15.930000,0.000000,10686.577377
Net settlement  for  NSE-Equity with settlement number: 2020090,2020-05-13,NSE-EQ - Z,Book Voucher,0.000000,77.661099,10764.238476
Net settlement  for  NSE-Equity with settlement number: 2020091,2020-05-14,NSE-EQ - Z,Book Voucher,0.000000,74.780144,10839.018620
Net settlement  for  NSE-Equity with settlement number: 2020092,2020-05-15,NSE-EQ - Z,Book Voucher,10512.474976,0.000000,326.543644
Net settlement  for  NSE-Equity with settlement number: 2020095,2020-05-20,NSE-EQ - Z,Book Voucher,0.000000,21.595383,348.139027
Net settlement  for  NSE-Equity with settlement number: 2020096,2020-05-21,NSE-EQ - Z,Book Voucher,6.898044,0.000000,341.240983
Net settlement  for  NSE-Equity with settlement number: 2020097,2020-05-22,NSE-EQ - Z,Book Voucher,22.456904,0.000000,318.784079
Net settlement  for  NSE-Equity with settlement number: 2020099,2020-05-27,NSE-EQ - Z,Book Voucher,11.445610,0.000000,307.338469
Net settlement  for  NSE-Equity with settlement number: 2020100,2020-05-28,NSE-EQ - Z,Book Voucher,0.000000,14.066295,321.404764
Net settlement  for  NSE-Equity with settlement number: 2020101,2020-05-29,NSE-EQ - Z,Book Voucher,0.000000,1985.560397,2306.965161
Net settlement  for  NSE-Equity with settlement number: 2020102,2020-06-01,NSE-EQ - Z,Book Voucher,5.547026,0.000000,2301.418135
DP Charges for Sale of NTPC on 29/05/2020,2020-06-02,NSE-EQ - Z,Journal Entry,15.930000,0.000000,2285.488135
Net settlement  for  NSE-Equity with settlement number: 2020103,2020-06-02,NSE-EQ - Z,Book Voucher,0.000000,13.580357,2299.068492
Net settlement  for  NSE-Equity with settlement number: 2020104,2020-06-03,NSE-EQ - Z,Book Voucher,42.916504,0.000000,2256.151988
Net obligation for NSE Equity F&O,2020-06-04,NSE-F&O - Z,Book Voucher,0.000000,645.830955,2901.982943
Net settlement  for  NSE-Equity with settlement number: 2020105,2020-06-04,NSE-EQ - Z,Book Voucher,4.407986,0.000000,2897.574957
Net settlement  for  NSE-Equity with settlement number: 2020106,2020-06-05,NSE-EQ - Z,Book Voucher,0.000000,19.684116,2917.259073
Net obligation for NSE Equity F&O,2020-06-08,NSE-F&O - Z,Book Voucher,2024.821001,0.000000,892.438072
Net obligation for NSE Equity F&O,2020-06-10,NSE-F&O - Z,Book Voucher,0.000000,87.332234,979.770306
Net settlement  for  NSE-Equity with settlement number: 2020110,2020-06-11,NSE-EQ - Z,Book Voucher,78.065525,0.000000,901.704781
Net obligation for NSE Equity F&O,2020-06-19,NSE-F&O - Z,Book Voucher,47.566300,0.000000,854.138481
Net obligation for NSE Equity F&O,2020-06-25,NSE-F&O - Z,Book Voucher,468.411599,0.000000,385.726882
Net settlement  for  NSE-Equity with settlement number: 2020124,2020-07-01,NSE-EQ - Z,Book Voucher,0.000000,14302.754226,14688.481108
Adjusted stamp duty for 01/07/2020,2020-07-02,NSE-EQ - Z,Journal Entry,0.000000,0.210000,14688.691108
DP Charges for Sale of INDUSINDBK on 01/07/2020,2020-07-03,NSE-EQ - Z,Journal Entry,15.930000,0.000000,14672.761108
Net settlement  for  NSE-Equity with settlement number: 2020126,2020-07-03,NSE-EQ - Z,Book Voucher,10913.435265,0.000000,3759.325843
Net settlement  for  NSE-Equity with settlement number: 2020127,2020-07-06,NSE-EQ - Z,Book Voucher,2933.125631,0.000000,826.200212
Net settlement  for  NSE-Equity with settlement number: 2020128,2020-07-07,NSE-EQ - Z,Book Voucher,0.000000,10860.791189,11686.991401
Net settlement  for  NSE-Equity with settlement number: 2020129,2020-07-08,NSE-EQ - Z,Book Voucher,73.926828,0.000000,11613.064573
DP Charges for Sale of PHILIPCARB on 07/07/2020,2020-07-09,NSE-EQ - Z,Journal Entry,15.930000,0.000000,11597.134573
Net settlement  for  NSE-Equity with settlement number: 2020130,2020-07-09,NSE-EQ - Z,Book Voucher,7216.317496,0.000000,4380.817077
Net settlement  for  NSE-Equity with settlement number: 2020131,2020-07-10,NSE-EQ - Z,Book Voucher,0.000000,3763.841813,8144.658890
Net obligation for NSE Equity F&O,2020-07-13,NSE-F&O - Z,Book Voucher,3734.790166,0.000000,4409.868724
DP Charges for Sale of NMDC on 10/07/2020,2020-07-14,NSE-EQ - Z,Journal Entry,15.930000,0.000000,4393.938724
DP Charges for Sale of OAL on 10/07/2020,2020-07-14,NSE-EQ - Z,Journal Entry,15.930000,0.000000,4378.008724
Net obligation for NSE Equity F&O,2020-07-14,NSE-F&O - Z,Book Voucher,0.000000,526.075225,4904.083949
Net settlement  for  NSE-Equity with settlement number: 2020136,2020-07-17,NSE-EQ - Z,Book Voucher,211.934470,0.000000,4692.149479
Net settlement  for  NSE-Equity with settlement number: 2020137,2020-07-20,NSE-EQ - Z,Book Voucher,0.000000,135.323014,4827.472493
Net settlement  for  NSE-Equity with settlement number: 2020138,2020-07-21,NSE-EQ - Z,Book Voucher,0.000000,278.757419,5106.229912
Call and Trade charges(Auto Square Off) for 2020-07-22,2020-07-22,NSE-EQ - Z,Journal Entry,59.000000,0.000000,5047.229912
Net settlement  for  NSE-Equity with settlement number: 2020139,2020-07-22,NSE-EQ - Z,Book Voucher,709.642660,0.000000,4337.587252
Funds added using UPI EW1120 with reference number 20415210260    ,2020-07-22,NSE-EQ - Z,Bank Receipts,0.000000,1500.000000,5837.587252
Net settlement  for  NSE-Equity with settlement number: 2020140,2020-07-23,NSE-EQ - Z,Book Voucher,0.000000,14.976235,5852.563487
Funds added using UPI EW1120 with reference number 20508544135    ,2020-07-23,NSE-EQ - Z,Bank Receipts,0.000000,13500.000000,19352.563487
Net settlement  for  NSE-Equity with settlement number: 2020141,2020-07-24,NSE-EQ - Z,Book Voucher,0.000000,71.008448,19423.571935
Net settlement  for  NSE-Equity with settlement number: 2020142,2020-07-27,NSE-EQ - Z,Book Voucher,0.000000,137.393492,19560.965427
Net settlement  for  NSE-Equity with settlement number: 2020143,2020-07-28,NSE-EQ - Z,Book Voucher,0.000000,196.534800,19757.500227
Net settlement  for  NSE-Equity with settlement number: 2020144,2020-07-29,NSE-EQ - Z,Book Voucher,0.000000,154.104749,19911.604976
Net settlement  for  NSE-Equity with settlement number: 2020145,2020-07-30,NSE-EQ - Z,Book Voucher,0.000000,76.786687,19988.391663
Net settlement  for  NSE-Equity with settlement number: 2020146,2020-07-31,NSE-EQ - Z,Book Voucher,905.979306,0.000000,19082.412357
Net settlement  for  NSE-Equity with settlement number: 2020147,2020-08-03,NSE-EQ - Z,Book Voucher,47.160233,0.000000,19035.252124
Net obligation for NSE Equity F&O,2020-08-05,NSE-F&O - Z,Book Voucher,759.158277,0.000000,18276.093847
Net obligation for NSE Equity F&O,2020-08-06,NSE-F&O - Z,Book Voucher,0.000000,212.063480,18488.157327
Payout of 15000.0/- to BANK OF BARODA 31520100000401 A/C number as per withdrawal request made on 2020-08-05,2020-08-06,NSE-EQ - Z,Bank Payments,15000.000000,0.000000,3488.157327
Net settlement  for  NSE-Equity with settlement number: 2020151,2020-08-07,NSE-EQ - Z,Book Voucher,0.000000,144.236719,3632.394046
Net settlement  for  NSE-Equity with settlement number: 2020152,2020-08-10,NSE-EQ - Z,Book Voucher,68.895740,0.000000,3563.498306
Net settlement  for  NSE-Equity with settlement number: 2020153,2020-08-11,NSE-EQ - Z,Book Voucher,0.000000,665.905682,4229.403988
Net settlement  for  NSE-Equity with settlement number: 2020154,2020-08-12,NSE-EQ - Z,Book Voucher,0.000000,574.065381,4803.469369
Net settlement  for  NSE-Equity with settlement number: 2020155,2020-08-13,NSE-EQ - Z,Book Voucher,122.195022,0.000000,4681.274347
Net settlement  for  NSE-Equity with settlement number: 2020156,2020-08-14,NSE-EQ - Z,Book Voucher,83.467455,0.000000,4597.806892
Net settlement  for  NSE-Equity with settlement number: 2020157,2020-08-17,NSE-EQ - Z,Book Voucher,0.000000,74.144292,4671.951184
Net settlement  for  NSE-Equity with settlement number: 2020158,2020-08-18,NSE-EQ - Z,Book Voucher,0.000000,15011.376019,19683.327203
DP Charges for Sale of SBICARD on 18/08/2020,2020-08-18,NSE-EQ - Z,Journal Entry,15.930000,0.000000,19667.397203
Net settlement  for  NSE-Equity with settlement number: 2020159,2020-08-19,NSE-EQ - Z,Book Voucher,7693.517730,0.000000,11973.879473
Net settlement  for  NSE-Equity with settlement number: 2020160,2020-08-20,NSE-EQ - Z,Book Voucher,0.000000,116.734503,12090.613976
Net obligation for NSE Equity F&O,2020-08-20,NSE-F&O - Z,Book Voucher,0.000000,1271.808538,13362.422514
Net settlement  for  NSE-Equity with settlement number: 2020161,2020-08-21,NSE-EQ - Z,Book Voucher,30.805632,0.000000,13331.616882
Net settlement  for  NSE-Equity with settlement number: 2020162,2020-08-24,NSE-EQ - Z,Book Voucher,0.000000,477.121484,13808.738366
Net settlement  for  NSE-Equity with settlement number: 2020163,2020-08-25,NSE-EQ - Z,Book Voucher,0.000000,7803.736312,21612.474678
DP Charges for Sale of CREDITACC on 25/08/2020,2020-08-25,NSE-EQ - Z,Journal Entry,15.930000,0.000000,21596.544678
Net obligation for NSE Equity F&O,2020-08-26,NSE-F&O - Z,Book Voucher,33.164889,0.000000,21563.379789
Net settlement  for  NSE-Equity with settlement number: 2020164,2020-08-26,NSE-EQ - Z,Book Voucher,0.000000,12489.711561,34053.091350
DP Charges for Sale of INDUSINDBK on 26/08/2020,2020-08-26,NSE-EQ - Z,Journal Entry,15.930000,0.000000,34037.161350
Net obligation for NSE Equity F&O,2020-08-27,NSE-F&O - Z,Book Voucher,1864.286100,0.000000,32172.875250
Net obligation for NSE Equity F&O,2020-08-28,NSE-F&O - Z,Book Voucher,2286.062867,0.000000,29886.812383
Net settlement  for  NSE-Equity with settlement number: 2020168,2020-09-01,NSE-EQ - Z,Book Voucher,0.000000,831.725892,30718.538275
Net settlement  for  NSE-Equity with settlement number: 2020169,2020-09-02,NSE-EQ - Z,Book Voucher,88.744940,0.000000,30629.793335
Net settlement  for  NSE-Equity with settlement number: 2020170,2020-09-03,NSE-EQ - Z,Book Voucher,0.000000,993.394885,31623.188220
Net settlement  for  NSE-Equity with settlement number: 2020171,2020-09-04,NSE-EQ - Z,Book Voucher,0.000000,23.703695,31646.891915
Net settlement  for  NSE-Equity with settlement number: 2020172,2020-09-07,NSE-EQ - Z,Book Voucher,204.880160,0.000000,31442.011755
Payout of 15000.0/- to BANK OF BARODA 31520100000401 A/C number as per withdrawal request made on 2020-09-05,2020-09-07,NSE-EQ - Z,Bank Payments,15000.000000,0.000000,16442.011755
Net settlement  for  NSE-Equity with settlement number: 2020173,2020-09-08,NSE-EQ - Z,Book Voucher,0.000000,5.493285,16447.505040
Payout of 15000.0/- to BANK OF BARODA 31520100000401 A/C number as per withdrawal request made on 2020-09-08,2020-09-08,NSE-EQ - Z,Bank Payments,15000.000000,0.000000,1447.505040
Net settlement  for  NSE-Equity with settlement number: 2020174,2020-09-09,NSE-EQ - Z,Book Voucher,27.869081,0.000000,1419.635959
Net settlement  for  NSE-Equity with settlement number: 2020176,2020-09-11,NSE-EQ - Z,Book Voucher,0.000000,1.855677,1421.491636
Net settlement  for  NSE-Equity with settlement number: 2020177,2020-09-14,NSE-EQ - Z,Book Voucher,28.950460,0.000000,1392.541176
AMC for Demat Account for 08-05-2020 to 07-08-2020,2020-09-17,NSE-EQ - Z,Journal Entry,29.500000,0.000000,1363.041176
Net settlement  for  NSE-Equity with settlement number: 2020186,2020-09-25,NSE-EQ - Z,Book Voucher,22.648418,0.000000,1340.392758
Net settlement  for  NSE-Equity with settlement number: 2020188,2020-09-29,NSE-EQ - Z,Book Voucher,32.569632,0.000000,1307.823126
Funds added using UPI EW1120 with reference number 28919756105    ,2020-10-15,NSE-EQ - Z,Bank Receipts,0.000000,35000.000000,36307.823126
Net obligation for NSE Equity F&O,2020-10-19,NSE-F&O - Z,Book Voucher,0.000000,741.881518,37049.704644
Net obligation for NSE Equity F&O,2020-10-20,NSE-F&O - Z,Book Voucher,0.000000,1827.215382,38876.920026
Net obligation for NSE Equity F&O,2020-10-21,NSE-F&O - Z,Book Voucher,0.000000,512.459967,39389.379993
Net settlement  for  NSE-Equity with settlement number: 2020204,2020-10-22,NSE-EQ - Z,Book Voucher,0.000000,877.411947,40266.791940
Net obligation for NSE Equity F&O,2020-10-22,NSE-F&O - Z,Book Voucher,0.000000,923.202121,41189.994061
Funds added using UPI EW1120 with reference number 29714846905    ,2020-10-23,NSE-EQ - Z,Bank Receipts,0.000000,5000.000000,46189.994061
Net obligation for NSE Equity F&O,2020-10-23,NSE-F&O - Z,Book Voucher,12724.399888,0.000000,33465.594173
Net obligation for NSE Equity F&O,2020-10-26,NSE-F&O - Z,Book Voucher,0.000000,11714.380369,45179.974542
Net obligation for NSE Equity F&O,2020-10-27,NSE-F&O - Z,Book Voucher,5295.945521,0.000000,39884.029021
Net settlement  for  NSE-Equity with settlement number: 2020209,2020-10-29,NSE-EQ - Z,Book Voucher,22025.736701,0.000000,17858.292320
Net settlement  for  NSE-Equity with settlement number: 2020211,2020-11-02,NSE-EQ - Z,Book Voucher,0.000000,7252.748983,25111.041303
Net obligation for NSE Equity F&O,2020-11-02,NSE-F&O - Z,Book Voucher,0.000000,627.215280,25738.256583
DP Charges for Sale of RBLBANK on 02/11/2020,2020-11-02,NSE-EQ - Z,Journal Entry,15.930000,0.000000,25722.326583
Net obligation for NSE Equity F&O,2020-11-04,NSE-F&O - Z,Book Voucher,3448.384702,0.000000,22273.941881
Funds added using UPI EW1120 with reference number 31009104933    ,2020-11-05,NSE-EQ - Z,Bank Receipts,0.000000,15000.000000,37273.941881
Funds added using UPI EW1120 with reference number 31010150007    ,2020-11-05,NSE-EQ - Z,Bank Receipts,0.000000,1000.000000,38273.941881
Funds added using UPI EW1120 with reference number 31009106187    ,2020-11-05,NSE-EQ - Z,Bank Receipts,0.000000,1000.000000,39273.941881
Net obligation for NSE Equity F&O,2020-11-05,NSE-F&O - Z,Book Voucher,0.000000,2537.101959,41811.043840
Payout of 2000.0/- to BANK OF BARODA 31520100000401 A/C number as per withdrawal request made on 2020-11-05,2020-11-05,NSE-EQ - Z,Bank Payments,2000.000000,0.000000,39811.043840
Net settlement  for  NSE-Equity with settlement number: 2020216,2020-11-09,NSE-EQ - Z,Book Voucher,129.492924,0.000000,39681.550916
Net settlement  for  NSE-Equity with settlement number: 2020217,2020-11-10,NSE-EQ - Z,Book Voucher,643.351423,0.000000,39038.199493
Net obligation for NSE Equity F&O,2020-11-11,NSE-F&O - Z,Book Voucher,0.000000,513.652639,39551.852132
Net settlement  for  NSE-Equity with settlement number: 2020219,2020-11-12,NSE-EQ - Z,Book Voucher,0.000000,17007.427226,56559.279358
Charges for sale of OAL on 2020-11-12,2020-11-12,NSE-EQ - Z,Journal Entry,15.930000,0.000000,56543.349358
Net obligation for NSE Equity F&O,2020-11-12,NSE-F&O - Z,Book Voucher,0.000000,977.412905,57520.762263
Net obligation for NSE Equity F&O,2020-11-13,NSE-F&O - Z,Book Voucher,0.000000,2251.027931,59771.790194
Net settlement  for  NSE-Equity with settlement number: 2020221,2020-11-14,NSE-EQ - Z,Book Voucher,8167.980629,0.000000,51603.809565
Net obligation for NSE Equity F&O,2020-11-14,NSE-F&O - Z,Book Voucher,0.000000,395.766056,51999.575621
Brokerage reversal on account on Muhurat Trading,2020-11-14,NSE-EQ - Z,Journal Entry,0.000000,0.011800,51999.587421
Brokerage reversal on account on Muhurat Trading,2020-11-14,NSE-F&O - Z,Journal Entry,0.000000,94.400000,52093.987421
Net obligation for NSE Equity F&O,2020-11-17,NSE-F&O - Z,Book Voucher,11034.052227,0.000000,41059.935194
Net obligation for NSE Equity F&O,2020-11-18,NSE-F&O - Z,Book Voucher,0.000000,12437.282613,53497.217807
Net obligation for NSE Equity F&O,2020-11-19,NSE-F&O - Z,Book Voucher,0.000000,1267.618849,54764.836656
Net obligation for NSE Equity F&O,2020-11-20,NSE-F&O - Z,Book Voucher,0.000000,1863.101467,56627.938123
Net settlement  for  NSE-Equity with settlement number: 2020225,2020-11-20,NSE-EQ - Z,Book Voucher,0.000000,7490.768984,64118.707107
DP Charges for sale of OAL on 2020-11-20,2020-11-20,NSE-EQ - Z,Journal Entry,15.930000,0.000000,64102.777107
Net obligation for NSE Equity F&O,2020-11-23,NSE-F&O - Z,Book Voucher,0.000000,3896.228701,67999.005808
Payout of 15000.0/- to BANK OF BARODA 31520100000401 A/C number as per withdrawal request made on 2020-11-22,2020-11-23,NSE-EQ - Z,Bank Payments,15000.000000,0.000000,52999.005808
Net obligation for NSE Equity F&O,2020-11-24,NSE-F&O - Z,Book Voucher,0.000000,3123.429050,56122.434858
Net obligation for NSE Equity F&O,2020-11-25,NSE-F&O - Z,Book Voucher,0.000000,8271.533326,64393.968184
Net obligation for NSE Equity F&O,2020-11-26,NSE-F&O - Z,Book Voucher,0.000000,1826.409844,66220.378028
Net obligation for NSE Equity F&O,2020-11-27,NSE-F&O - Z,Book Voucher,584.286663,0.000000,65636.091365
Net obligation for NSE Equity F&O,2020-12-01,NSE-F&O - Z,Book Voucher,7156.281010,0.000000,58479.810355
Net settlement  for  NSE-Equity with settlement number: 2020231,2020-12-01,NSE-EQ - Z,Book Voucher,76.734823,0.000000,58403.075532
Net obligation for NSE Equity F&O,2020-12-02,NSE-F&O - Z,Book Voucher,0.000000,2234.507928,60637.583460
Net obligation for NSE Equity F&O,2020-12-03,NSE-F&O - Z,Book Voucher,0.000000,2482.505879,63120.089339
Payout of 15000.0/- to BANK OF BARODA 31520100000401 A/C number as per withdrawal request made on 2020-12-03,2020-12-03,NSE-EQ - Z,Bank Payments,15000.000000,0.000000,48120.089339
Net obligation for NSE Equity F&O,2020-12-04,NSE-F&O - Z,Book Voucher,398.330169,0.000000,47721.759170
Net obligation for NSE Equity F&O,2020-12-07,NSE-F&O - Z,Book Voucher,0.000000,28.463368,47750.222538
Net obligation for NSE Equity F&O,2020-12-08,NSE-F&O - Z,Book Voucher,2117.524183,0.000000,45632.698355
Net obligation for NSE Equity F&O,2020-12-09,NSE-F&O - Z,Book Voucher,457.693281,0.000000,45175.005074
Net obligation for NSE Equity F&O,2020-12-10,NSE-F&O - Z,Book Voucher,0.000000,2081.380163,47256.385237
Net obligation for NSE Equity F&O,2020-12-11,NSE-F&O - Z,Book Voucher,0.000000,576.843474,47833.228711
Funds added using UPI EW1120 with reference number 34609425847    ,2020-12-11,NSE-EQ - Z,Bank Receipts,0.000000,15000.000000,62833.228711
Net obligation for NSE Equity F&O,2020-12-14,NSE-F&O - Z,Book Voucher,0.000000,1751.723856,64584.952567
Funds transferred back to primary bank account as part of quarterly settlement,2020-12-14,NSE-EQ - Z,Bank Payments,62833.230000,0.000000,1751.722567
Funds added using UPI EW1120 with reference number 35008548980    ,2020-12-15,NSE-EQ - Z,Bank Receipts,0.000000,62000.000000,63751.722567
Net obligation for NSE Equity F&O,2020-12-15,NSE-F&O - Z,Book Voucher,0.000000,2601.933658,66353.656225
Net obligation for NSE Equity F&O,2020-12-16,NSE-F&O - Z,Book Voucher,0.000000,3570.580895,69924.237120
Net obligation for NSE Equity F&O,2020-12-17,NSE-F&O - Z,Book Voucher,0.000000,945.915266,70870.152386
Net obligation for NSE Equity F&O,2020-12-18,NSE-F&O - Z,Book Voucher,0.000000,3595.194856,74465.347242
Net obligation for NSE Equity F&O,2020-12-21,NSE-F&O - Z,Book Voucher,3406.186494,0.000000,71059.160748
Net obligation for NSE Equity F&O,2020-12-22,NSE-F&O - Z,Book Voucher,0.000000,7293.874924,78353.035672
Net obligation for NSE Equity F&O,2020-12-23,NSE-F&O - Z,Book Voucher,19820.143521,0.000000,58532.892151
Net obligation for NSE Equity F&O,2020-12-24,NSE-F&O - Z,Book Voucher,0.000000,9008.100378,67540.992529
Net obligation for NSE Equity F&O,2020-12-28,NSE-F&O - Z,Book Voucher,0.000000,2929.002675,70469.995204
Net obligation for NSE Equity F&O,2020-12-29,NSE-F&O - Z,Book Voucher,0.000000,9071.590077,79541.585281
Net obligation for NSE Equity F&O,2020-12-30,NSE-F&O - Z,Book Voucher,0.000000,2987.978145,82529.563426
Net obligation for NSE Equity F&O,2020-12-31,NSE-F&O - Z,Book Voucher,27047.744024,0.000000,55481.819402
Net obligation for NSE Equity F&O,2021-01-01,NSE-F&O - Z,Book Voucher,0.000000,270.092021,55751.911423
Net obligation for NSE Equity F&O,2021-01-04,NSE-F&O - Z,Book Voucher,3922.651666,0.000000,51829.259757
Net settlement  for  NSE-Equity with settlement number: 2021002,2021-01-04,NSE-EQ - Z,Book Voucher,104.538767,0.000000,51724.720990
Net obligation for NSE Equity F&O,2021-01-05,NSE-F&O - Z,Book Voucher,9330.335843,0.000000,42394.385147
Net obligation for NSE Equity F&O,2021-01-06,NSE-F&O - Z,Book Voucher,0.000000,8152.953055,50547.338202
Net obligation for NSE Equity F&O,2021-01-07,NSE-F&O - Z,Book Voucher,0.000000,5167.798481,55715.136683
Net obligation for NSE Equity F&O,2021-01-08,NSE-F&O - Z,Book Voucher,0.000000,9496.819665,65211.956348
Net obligation for NSE Equity F&O,2021-01-11,NSE-F&O - Z,Book Voucher,0.000000,14996.726375,80208.682723
Net obligation for NSE Equity F&O,2021-01-12,NSE-F&O - Z,Book Voucher,3954.626751,0.000000,76254.055972
Payout of 40000.0/- to BANK OF BARODA 31520100000401 A/C number as per withdrawal request made on 2021-01-12,2021-01-12,NSE-EQ - Z,Bank Payments,40000.000000,0.000000,36254.055972
Funds added using UPI EW1120 with reference number 101314171062    ,2021-01-13,NSE-EQ - Z,Bank Receipts,0.000000,40000.000000,76254.055972
Net obligation for NSE Equity F&O,2021-01-13,NSE-F&O - Z,Book Voucher,67759.777201,0.000000,8494.278771
Net obligation for NSE Equity F&O,2021-01-14,NSE-F&O - Z,Book Voucher,0.000000,50906.015712,59400.294483
Net obligation for NSE Equity F&O,2021-01-15,NSE-F&O - Z,Book Voucher,58771.541576,0.000000,628.752907
DP Charges for sale of ABCAPITAL on 2021-01-15,2021-01-15,NSE-EQ - Z,Journal Entry,15.930000,0.000000,612.822907
Net settlement  for  NSE-Equity with settlement number: 2021011,2021-01-15,NSE-EQ - Z,Book Voucher,0.000000,9513.974374,10126.797281
Net obligation for NSE Equity F&O,2021-01-18,NSE-F&O - Z,Book Voucher,5975.908460,0.000000,4150.888821
Net obligation for NSE Equity F&O,2021-01-19,NSE-F&O - Z,Book Voucher,0.000000,17390.505692,21541.394513
Net obligation for NSE Equity F&O,2021-01-21,NSE-F&O - Z,Book Voucher,832.570108,0.000000,20708.824405
Net obligation for NSE Equity F&O,2021-01-22,NSE-F&O - Z,Book Voucher,19032.574896,0.000000,1676.249509
Funds added using UPI EW1120 with reference number 102312263654    ,2021-01-25,NSE-EQ - Z,Bank Receipts,0.000000,14000.000000,15676.249509
Net obligation for NSE Equity F&O,2021-01-25,NSE-F&O - Z,Book Voucher,4758.988821,0.000000,10917.260688
Net obligation for NSE Equity F&O,2021-01-27,NSE-F&O - Z,Book Voucher,0.000000,5013.272217,15930.532905
Net obligation for NSE Equity F&O,2021-01-28,NSE-F&O - Z,Book Voucher,0.000000,436.392398,16366.925303
Net settlement  for  NSE-Equity with settlement number: 2021022,2021-02-02,NSE-EQ - Z,Book Voucher,13435.453989,0.000000,2931.471314
Net settlement  for  NSE-Equity with settlement number: 2021025,2021-02-05,NSE-EQ - Z,Book Voucher,2845.605460,0.000000,85.865854
DP Charges for sale of ROUTE on 2021-02-08,2021-02-08,NSE-EQ - Z,Journal Entry,15.930000,0.000000,69.935854
Funds added using UPI EW1120 with reference number 103919324736    ,2021-02-08,NSE-EQ - Z,Bank Receipts,0.000000,5000.000000,5069.935854
Net settlement  for  NSE-Equity with settlement number: 2021026,2021-02-08,NSE-EQ - Z,Book Voucher,0.000000,10083.361972,15153.297826
Net obligation for NSE Equity F&O,2021-02-09,NSE-F&O - Z,Book Voucher,206.869310,0.000000,14946.428516
Net obligation for NSE Equity F&O,2021-02-10,NSE-F&O - Z,Book Voucher,9079.126602,0.000000,5867.301914
Net obligation for NSE Equity F&O,2021-02-11,NSE-F&O - Z,Book Voucher,3158.464396,0.000000,2708.837518
Net obligation for NSE Equity F&O,2021-02-12,NSE-F&O - Z,Book Voucher,0.000000,6509.306611,9218.144129
Payout of 8000.0/- to BANK OF BARODA 31520100000401 A/C number as per withdrawal request made on 2021-02-14,2021-02-15,NSE-EQ - Z,Bank Payments,8000.000000,0.000000,1218.144129
Net settlement  for  NSE-Equity with settlement number: 2021036,2021-02-22,NSE-EQ - Z,Book Voucher,874.040565,0.000000,344.103564
DP Charges for sale of TRIDENT on 2021-03-15,2021-03-15,NSE-EQ - Z,Journal Entry,15.930000,0.000000,328.173564
Net settlement  for  NSE-Equity with settlement number: 2021050,2021-03-15,NSE-EQ - Z,Book Voucher,0.000000,7666.671913,7994.845477
Net settlement  for  NSE-Equity with settlement number: 2021051,2021-03-16,NSE-EQ - Z,Book Voucher,6606.629217,0.000000,1388.216260
Net settlement  for  NSE-Equity with settlement number: 2021061,2021-03-31,NSE-EQ - Z,Book Voucher,1001.044750,0.000000,387.171510
DP Charges for sale of SUZLON on 2021-05-26,2021-05-26,NSE-EQ - Z,Journal Entry,15.930000,0.000000,371.241510
Net settlement  for  NSE-Equity with settlement number: 2021097,2021-05-26,NSE-EQ - Z,Book Voucher,0.000000,1190.938482,1562.179992
DP Charges for sale of ROUTE on 2021-05-27,2021-05-27,NSE-EQ - Z,Journal Entry,15.930000,0.000000,1546.249992
Net obligation for NSE Equity F&O,2021-05-27,NSE-F&O - Z,Book Voucher,0.000000,2060.151768,3606.401760
Net settlement  for  NSE-Equity with settlement number: 2021098,2021-05-27,NSE-EQ - Z,Book Voucher,0.000000,6935.055980,10541.457740
Net obligation for NSE Equity F&O,2021-05-28,NSE-F&O - Z,Book Voucher,288.104623,0.000000,10253.353117
Net obligation for NSE Equity F&O,2021-05-31,NSE-F&O - Z,Book Voucher,97.230466,0.000000,10156.122651
Net settlement  for  NSE-Equity with settlement number: 2021100,2021-05-31,NSE-EQ - Z,Book Voucher,9390.403040,0.000000,765.719611
Net settlement  for  NSE-Equity with settlement number: 2021102,2021-06-02,NSE-EQ - Z,Book Voucher,743.542770,0.000000,22.176841
DP Charges for sale of LICHSGFIN on 2021-06-03,2021-06-03,NSE-EQ - Z,Journal Entry,15.930000,0.000000,6.246841
Net obligation for NSE Equity F&O,2021-06-03,NSE-F&O - Z,Book Voucher,224.027072,0.000000,-217.780231
Net settlement  for  NSE-Equity with settlement number: 2021103,2021-06-03,NSE-EQ - Z,Book Voucher,0.000000,988.946907,771.166676
Net settlement  for  NSE-Equity with settlement number: 2021104,2021-06-04,NSE-EQ - Z,Book Voucher,753.993206,0.000000,17.173470
Net obligation for NSE Equity F&O,2021-06-08,NSE-F&O - Z,Book Voucher,0.000000,52.652294,69.825764
Net settlement  for  NSE-Equity with settlement number: 2021106,2021-06-08,NSE-EQ - Z,Book Voucher,0.000000,2088.779611,2158.605375
DP Charges for Sale of HCLTECH on 08/06/2021,2021-06-08,NSE-EQ - Z,Journal Entry,15.930000,0.000000,2142.675375
Net obligation for NSE Equity F&O,2021-06-10,NSE-F&O - Z,Book Voucher,0.000000,234.737566,2377.412941
Net settlement  for  NSE-Equity with settlement number: 2021109,2021-06-11,NSE-EQ - Z,Book Voucher,409.585307,0.000000,1967.827634
DP Charges for Sale of PEL on 11/06/2021,2021-06-11,NSE-EQ - Z,Journal Entry,15.930000,0.000000,1951.897634
Net obligation for NSE Equity F&O,2021-06-17,NSE-F&O - Z,Book Voucher,234.774055,0.000000,1717.123579
Net obligation for NSE Equity F&O,2021-06-24,NSE-F&O - Z,Book Voucher,443.665334,0.000000,1273.458245
Net obligation for Equity F&O,2021-07-01,NSE-F&O - Z,Book Voucher,137.904263,0.000000,1135.553982
DP Charges for Sale of INDUSINDBK on 07/07/2021,2021-07-07,NSE-EQ - Z,Journal Entry,15.930000,0.000000,1119.623982
Net settlement  for  Equity with settlement number: 2021127,2021-07-07,NSE-EQ - Z,Book Voucher,0.000000,5214.770474,6334.394456
Net obligation for Equity F&O,2021-07-08,NSE-F&O - Z,Book Voucher,5393.591518,0.000000,940.802938
Net obligation for Equity F&O,2021-07-29,NSE-F&O - Z,Book Voucher,201.542731,0.000000,739.260207
Net obligation for Equity F&O,2021-08-05,NSE-F&O - Z,Book Voucher,183.972261,0.000000,555.287946
Net obligation for Equity F&O,2021-08-12,NSE-F&O - Z,Book Voucher,66.493293,0.000000,488.794653
Net obligation for Equity F&O,2021-08-16,NSE-F&O - Z,Book Voucher,0.000000,160.038007,648.832660
DP Charges for Sale of DEVYANI on 16/08/2021,2021-08-16,NSE-EQ - Z,Journal Entry,15.930000,0.000000,632.902660
Net settlement for Equity with settlement number: 2021154,2021-08-16,NSE-EQ - Z,Book Voucher,0.000000,20850.790015,21483.692675
Net obligation for Equity F&O,2021-08-17,NSE-F&O - Z,Book Voucher,2587.366877,0.000000,18896.325798
Net obligation for Equity F&O,2021-08-18,NSE-F&O - Z,Book Voucher,17860.783054,0.000000,1035.542744
Net settlement for Equity with settlement number: 2021171,2021-09-09,NSE-EQ - Z,Book Voucher,991.953131,0.000000,43.589613
DP Charges for sale of AMIORG on 2021-09-14,2021-09-14,NSE-EQ - Z,Journal Entry,15.930000,0.000000,27.659613
Net settlement for Equity with settlement number: 2021173,2021-09-14,NSE-EQ - Z,Book Voucher,0.000000,22053.008861,22080.668474
Payout of 22000.0/- to BANK OF BARODA 31520100000401 A/C number as per withdrawal request made on 2021-09-19,2021-09-20,NSE-EQ - Z,Bank Payments,22000.000000,0.000000,80.668474
Funds transferred back to primary bank account as part of quarterly settlement,2021-10-18,NSE-EQ - Z,Bank Payments,80.670000,0.000000,-0.001526
DP Charges for Sale of MAPMYINDIA on 27/12/2021,2021-12-27,NSE-EQ - Z,Journal Entry,15.930000,0.000000,-15.931526
Net settlement for Equity with settlement number: 2021244,2021-12-27,NSE-EQ - Z,Book Voucher,0.000000,14445.504513,14429.572987
Net settlement for Equity with settlement number: 2021246,2021-12-29,NSE-EQ - Z,Book Voucher,10097.349146,0.000000,4332.223841
DP Charges for Sale of PILITA on 03/01/2022,2022-01-03,NSE-EQ - Z,Journal Entry,15.930000,0.000000,4316.293841
Net settlement for Equity with settlement number: 2022001,2022-01-03,NSE-EQ - Z,Book Voucher,0.000000,10199.262353,14515.556194
Net settlement for Equity with settlement number: 2022002,2022-01-04,NSE-EQ - Z,Book Voucher,0.000000,23.362340,14538.918534
Net settlement for Equity with settlement number: 2022005,2022-01-07,NSE-EQ - Z,Book Voucher,2232.086394,0.000000,12306.832140
Net settlement for Equity with settlement number: 2022007,2022-01-11,NSE-EQ - Z,Book Voucher,5378.924691,0.000000,6927.907449
Net settlement for Equity with settlement number: 2022008,2022-01-12,NSE-EQ - Z,Book Voucher,6427.084964,0.000000,500.822485
DP Charges for Sale of PILITA on 28/01/2022,2022-01-28,NSE-EQ - Z,Journal Entry,15.930000,0.000000,484.892485
Net settlement for Equity with settlement number: 2022019,2022-01-28,NSE-EQ - Z,Book Voucher,0.000000,4380.991517,4865.884002
Net obligation for Equity F&O,2022-02-01,NSE-F&O - Z,Book Voucher,927.547665,0.000000,3938.336337
Net settlement for Equity with settlement number: 2022022,2022-02-02,NSE-EQ - Z,Book Voucher,3181.462482,0.000000,756.873855
Funds added using UPI EW1120 with reference number 204269767067    ,2022-02-11,NSE-EQ - Z,Bank Receipts,0.000000,15000.000000,15756.873855
Net settlement for Equity with settlement number: 2022034,2022-02-18,NSE-EQ - Z,Book Voucher,5131.225565,0.000000,10625.648290
Net settlement for Equity with settlement number: 2022035,2022-02-21,NSE-EQ - Z,Book Voucher,4891.175204,0.000000,5734.473086
DP Charges for Sale of MAPMYINDIA on 24/02/2022,2022-02-24,NSE-EQ - Z,Journal Entry,15.930000,0.000000,5718.543086
DP Charges for Sale of METROBRAND on 24/02/2022,2022-02-24,NSE-EQ - Z,Journal Entry,15.930000,0.000000,5702.613086
Net settlement for Equity with settlement number: 2022038,2022-02-24,NSE-EQ - Z,Book Voucher,0.000000,24155.048541,29857.661627
Net settlement for Equity with settlement number: 2022039,2022-02-25,NSE-EQ - Z,Book Voucher,22657.484805,0.000000,7200.176822
Net settlement for Equity with settlement number: 2022040,2022-02-28,NSE-EQ - Z,Book Voucher,1752.084793,0.000000,5448.092029
Net settlement for Equity with settlement number: 2022041,2022-03-02,NSE-EQ - Z,Book Voucher,0.000000,4784.788409,10232.880438
DP Charges for Sale of RELIANCE on 02/03/2022,2022-03-02,NSE-EQ - Z,Journal Entry,15.930000,0.000000,10216.950438
Net settlement for Equity with settlement number: 2022042,2022-03-03,NSE-EQ - Z,Book Voucher,5753.501477,0.000000,4463.448961
Net settlement for Equity with settlement number: 2022043,2022-03-04,NSE-EQ - Z,Book Voucher,4234.688213,0.000000,228.760748
DP Charges for Sale of PILITA on 14/03/2022,2022-03-14,NSE-EQ - Z,Journal Entry,15.930000,0.000000,212.830748
Net settlement for Equity with settlement number: 2022049,2022-03-14,NSE-EQ - Z,Book Voucher,0.000000,13426.538632,13639.369380
Net obligation for Equity F&O,2022-03-21,NSE-F&O - Z,Book Voucher,1529.026750,0.000000,12110.342630
Net settlement for Equity with settlement number: 2022054,2022-03-22,NSE-EQ - Z,Book Voucher,10624.704398,0.000000,1485.638232
Net settlement for Equity with settlement number: 2022058,2022-03-28,NSE-EQ - Z,Book Voucher,1465.072863,0.000000,20.565369
DP Charges for Sale of RUCHI on 08/04/2022,2022-04-08,NSE-EQ - Z,Journal Entry,15.930000,0.000000,4.635369
DP Charges for Sale of ADANIENT on 08/04/2022,2022-04-08,NSE-EQ - Z,Journal Entry,15.930000,0.000000,-11.294631
Net settlement for Equity with settlement number: 2022067,2022-04-08,NSE-EQ - Z,Book Voucher,0.000000,25957.119035,25945.824404
Net settlement for Equity with settlement number: 2022068,2022-04-11,NSE-EQ - Z,Book Voucher,25293.556871,0.000000,652.267533
DP Charges for Sale of ADANIPOWER on 19/04/2022,2022-04-19,NSE-EQ - Z,Journal Entry,15.930000,0.000000,636.337533
Net settlement for Equity with settlement number: 2022072,2022-04-19,NSE-EQ - Z,Book Voucher,0.000000,12290.076681,12926.414214
Net settlement for Equity with settlement number: 2022075,2022-04-22,NSE-EQ - Z,Book Voucher,11989.412364,0.000000,937.001850
DP Charges for Sale of ATGL on 26/04/2022,2022-04-26,NSE-EQ - Z,Journal Entry,15.930000,0.000000,921.071850
Net settlement for Equity with settlement number: 2022077,2022-04-26,NSE-EQ - Z,Book Voucher,0.000000,12636.565058,13557.636908
Investment in ParagParikh TaxSavDP with settlement no: 2223017,2022-04-27,STARMF - Z,Book Voucher,1000.000000,0.000000,12557.636908
Net settlement for Equity with settlement number: 2022080,2022-04-29,NSE-EQ - Z,Book Voucher,2703.602132,0.000000,9854.034776
Net settlement for Equity with settlement number: 2022082,2022-05-04,NSE-EQ - Z,Book Voucher,8069.347983,0.000000,1784.686793
Investment in ParagParikh TaxSavDP with settlement no: 2223025,2022-05-10,STARMF - Z,Book Voucher,1000.000000,0.000000,784.686793
Net settlement for Equity with settlement number: 2022092,2022-05-18,NSE-EQ - Z,Book Voucher,0.000000,8397.037460,9181.724253
DP Charges for Sale of RUCHI on 18/05/2022,2022-05-18,NSE-EQ - Z,Journal Entry,15.930000,0.000000,9165.794253
Investment in ParagPar FlexiCap DP with settlement no: 2223032,2022-05-19,STARMF - Z,Book Voucher,1000.000000,0.000000,8165.794253
DP Charges for Sale of ADANIPOWER on 20/05/2022,2022-05-20,NSE-EQ - Z,Journal Entry,15.930000,0.000000,8149.864253
Net settlement for Equity with settlement number: 2022094,2022-05-20,NSE-EQ - Z,Book Voucher,0.000000,3119.383752,11269.248005
Investment in ParagPar FlexiCap DP with settlement no: 2223041,2022-06-01,STARMF - Z,Book Voucher,2000.000000,0.000000,9269.248005
Investment in ParagParikh TaxSavDP with settlement no: 2223048,2022-06-10,STARMF - Z,Book Voucher,1000.000000,0.000000,8269.248005
Funds transferred back as part of quarterly settlement (inactive),2022-07-11,NSE-EQ - Z,Bank Payments,8269.250000,0.000000,-0.001995
DP Charges for Sale of HDFCBANK on 16/08/2022,2022-08-16,NSE-EQ - Z,Journal Entry,15.930000,0.000000,-15.931995
DP Charges for Sale of HDFCAMC on 16/08/2022,2022-08-16,NSE-EQ - Z,Journal Entry,15.930000,0.000000,-31.861995
Net settlement for Equity with settlement number: 2022154,2022-08-16,NSE-EQ - Z,Book Voucher,0.000000,13725.762617,13693.900622
Net settlement for Equity with settlement number: 2022156,2022-08-18,NSE-EQ - Z,Book Voucher,13247.565670,0.000000,446.334952
Funds transferred back as part of quarterly settlement (inactive),2022-09-20,NSE-EQ - Z,Bank Payments,446.330000,0.000000,0.004952
Funds added using UPI EW1120 with reference number 229008780854    ,2022-10-17,NSE-EQ - Z,Bank Receipts,0.000000,15000.000000,15000.004952
Net settlement for Equity with settlement number: 2022196,2022-10-17,NSE-EQ - Z,Book Voucher,14796.558819,0.000000,203.446133
Funds added using UPI EW1120 with reference number 229719955537    ,2022-10-24,NSE-EQ - Z,Bank Receipts,0.000000,8000.000000,8203.446133
Net settlement for Equity with settlement number: 2022702 (T1),2022-10-25,NSE-EQ - Z,Book Voucher,8018.461240,0.000000,184.984893
Funds transferred back as part of quarterly settlement (inactive)  with reference number 5c6169644c70d4d0428455,2022-11-25,NSE-EQ - Z,Bank Payments,184.980000,0.000000,0.004893
AMC for demat account for 05-11-2021 to 03-02-2022,2022-12-13,NSE-EQ - Z,Journal Entry,29.500000,0.000000,-29.495107
Funds added using UPI from EW1120 with reference number 300678540751    ,2023-01-06,NSE-EQ - Z,Bank Receipts,0.000000,9500.000000,9470.504893
Funds transferred back as part of quarterly settlement  with reference number e6ad45c7416a5579d5cebd,2023-01-06,NSE-EQ - Z,Bank Payments,9470.500000,0.000000,0.004893
Funds added using UPI from EW1120 with reference number 300984237025    ,2023-01-09,NSE-EQ - Z,Bank Receipts,0.000000,10000.000000,10000.004893
Net obligation for Equity F&O,2023-01-09,NSE-F&O - Z,Book Voucher,692.136462,0.000000,9307.868431
Net obligation for Equity F&O,2023-01-10,NSE-F&O - Z,Book Voucher,8020.756054,0.000000,1287.112377
Net obligation for Equity F&O,2023-01-12,NSE-F&O - Z,Book Voucher,0.000000,13710.784525,14997.896902
Net settlement for Equity with settlement number: 2023010,2023-01-13,NSE-EQ - Z,Book Voucher,0.000000,122.632921,15120.529823
Net settlement for Equity with settlement number: 2023510 (T1),2023-01-13,NSE-EQ - Z,Book Voucher,0.000000,15.530198,15136.060021
Net obligation for Equity F&O,2023-01-13,NSE-F&O - Z,Book Voucher,5401.967868,0.000000,9734.092153
Net obligation for Equity F&O,2023-01-16,NSE-F&O - Z,Book Voucher,0.000000,2781.183295,12515.275448
Net obligation for Equity F&O,2023-01-17,NSE-F&O - Z,Book Voucher,0.000000,1744.286096,14259.561544
Net obligation for Equity F&O,2023-01-19,NSE-F&O - Z,Book Voucher,4359.654025,0.000000,9899.907519
Net obligation for Equity F&O,2023-01-20,NSE-F&O - Z,Book Voucher,0.000000,175.888520,10075.796039
Net obligation for Equity F&O,2023-01-25,NSE-F&O - Z,Book Voucher,2247.570089,0.000000,7828.225950
Net obligation for Equity F&O,2023-02-01,NSE-F&O - Z,Book Voucher,0.000000,4437.304785,12265.530735
Net obligation for Equity F&O,2023-03-01,NSE-F&O - Z,Book Voucher,4776.576255,0.000000,7488.954480
Funds added using UPI from EW1120 with reference number 306237017298    ,2023-03-03,NSE-EQ - Z,Bank Receipts,0.000000,5000.000000,12488.954480
Net obligation for Equity F&O,2023-03-03,NSE-F&O - Z,Book Voucher,0.000000,109.336766,12598.291246
Payout of 5000.0/- to BANK OF BARODA 31520100000401 A/C number as per withdrawal request made on 2023-03-03 with reference number 0b22ad0a2c,2023-03-03,NSE-EQ - Z,Bank Payments,5000.000000,0.000000,7598.291246
Net obligation for Equity F&O,2023-03-10,NSE-F&O - Z,Book Voucher,0.000000,10963.507620,18561.798866
Net obligation for Equity F&O,2023-03-15,NSE-F&O - Z,Book Voucher,0.000000,1047.731248,19609.530114
Net obligation for Equity F&O,2023-03-17,NSE-F&O - Z,Book Voucher,0.000000,3086.660452,22696.190566
Funds added using UPI from EW1120 with reference number 344754748678    ,2023-03-22,NSE-EQ - Z,Bank Receipts,0.000000,15000.000000,37696.190566
Net obligation for Equity F&O,2023-03-22,NSE-F&O - Z,Book Voucher,27167.545194,0.000000,10528.645372
Net obligation for Equity F&O,2023-03-23,NSE-F&O - Z,Book Voucher,0.000000,39848.888493,50377.533865
Payout of 10528.65/- to BANK OF BARODA 31520100000401 A/C number as per withdrawal request made on 2023-03-23 with reference number 5efb6a1e04,2023-03-23,NSE-EQ - Z,Bank Payments,10528.650000,0.000000,39848.883865
AMC for Demat Account for 04-02-2022 to 05-05-2022,2023-03-29,NSE-EQ - Z,Journal Entry,29.500000,0.000000,39819.383865
AMC for Demat Account for 06-05-2022 to 04-08-2022,2023-03-30,NSE-EQ - Z,Journal Entry,29.500000,0.000000,39789.883865
Net obligation for Equity F&O,2023-04-03,NSE-F&O - Z,Book Voucher,30880.533279,0.000000,8909.350586
Net obligation for Equity F&O,2023-04-05,NSE-F&O - Z,Book Voucher,0.000000,3817.654528,12727.005114
Funds added using UPI from EW1120 with reference number 346242262883    ,2023-04-06,NSE-EQ - Z,Bank Receipts,0.000000,10000.000000,22727.005114
AMC for Demat Account for 05-08-2022 to 03-11-2022,2023-04-06,NSE-EQ - Z,Journal Entry,29.500000,0.000000,22697.505114
Net obligation for Equity F&O,2023-04-06,NSE-F&O - Z,Book Voucher,11886.637541,0.000000,10810.867573
Funds transferred back as part of quarterly settlement  with reference number 28aa254d5a1a8db391656b,2023-04-06,NSE-EQ - Z,Bank Payments,10810.870000,0.000000,-0.002427
Funds added using UPI from EW1120 with reference number 346623972803    ,2023-04-10,NSE-EQ - Z,Bank Receipts,0.000000,10000.000000,9999.997573
Net obligation for Equity F&O,2023-04-10,NSE-F&O - Z,Book Voucher,9284.827784,0.000000,715.169789
Net obligation for Equity F&O,2023-04-11,NSE-F&O - Z,Book Voucher,0.000000,2422.937154,3138.106943
Net obligation for Equity F&O,2023-04-12,NSE-F&O - Z,Book Voucher,0.000000,6393.563761,9531.670704
Funds added using UPI from EW1120 with reference number 310815996455    ,2023-04-18,NSE-EQ - Z,Bank Receipts,0.000000,20000.000000,29531.670704
Net obligation for Equity F&O,2023-04-20,NSE-F&O - Z,Book Voucher,15138.960414,0.000000,14392.710290
Funds added using UPI from EW1120 with reference number 347763093789    ,2023-04-21,NSE-EQ - Z,Bank Receipts,0.000000,10000.000000,24392.710290
Net obligation for Equity F&O,2023-04-21,NSE-F&O - Z,Book Voucher,30258.029443,0.000000,-5865.319153
Funds added using UPI from EW1120 with reference number 347732287623    ,2023-04-21,NSE-EQ - Z,Bank Receipts,0.000000,10000.000000,4134.680847
Net obligation for Equity F&O,2023-04-24,NSE-F&O - Z,Book Voucher,0.000000,14896.775796,19031.456643
Net obligation for Equity F&O,2023-04-25,NSE-F&O - Z,Book Voucher,0.000000,4785.118146,23816.574789
Net obligation for Equity F&O,2023-04-26,NSE-F&O - Z,Book Voucher,6277.087177,0.000000,17539.487612
Net obligation for Equity F&O,2023-04-27,NSE-F&O - Z,Book Voucher,0.000000,1472.376693,19011.864305
Net obligation for Equity F&O,2023-04-28,NSE-F&O - Z,Book Voucher,4244.029013,0.000000,14767.835292
Net obligation for Equity F&O,2023-05-02,NSE-F&O - Z,Book Voucher,0.000000,2748.560530,17516.395822
Net obligation for Equity F&O,2023-05-03,NSE-F&O - Z,Book Voucher,0.000000,1473.282975,18989.678797
Net obligation for Equity F&O,2023-05-04,NSE-F&O - Z,Book Voucher,9993.674858,0.000000,8996.003939
Net obligation for Equity F&O,2023-05-05,NSE-F&O - Z,Book Voucher,0.000000,287.736656,9283.740595
Net obligation for Equity F&O,2023-05-08,NSE-F&O - Z,Book Voucher,7266.360049,0.000000,2017.380546
Funds added using UPI from EW1120 with reference number 312905614607    ,2023-05-09,NSE-EQ - Z,Bank Receipts,0.000000,2000.000000,4017.380546
Net obligation for Equity F&O,2023-05-09,NSE-F&O - Z,Book Voucher,0.000000,3155.488262,7172.868808
Payout of 2000.0/- to BANK OF BARODA 31520100000401 A/C number as per withdrawal request made on 2023-05-09 with reference number edba948e67,2023-05-09,NSE-EQ - Z,Bank Payments,2000.000000,0.000000,5172.868808
Funds added using UPI from EW1120 with reference number 349633448542    ,2023-05-10,NSE-EQ - Z,Bank Receipts,0.000000,2000.000000,7172.868808
Net obligation for Equity F&O,2023-05-10,NSE-F&O - Z,Book Voucher,2963.816137,0.000000,4209.052671
Funds added using UPI from EW1120 with reference number 313101600347    ,2023-05-11,NSE-EQ - Z,Bank Receipts,0.000000,2000.000000,6209.052671
Net obligation for Equity F&O,2023-05-11,NSE-F&O - Z,Book Voucher,5216.366840,0.000000,992.685831
AMC for Demat Account for 04-11-2022 to 02-02-2023,2023-05-15,NSE-EQ - Z,Journal Entry,88.500000,0.000000,904.185831
Net obligation for Equity F&O,2023-05-17,NSE-F&O - Z,Book Voucher,0.000000,6417.971486,7322.157317
Net obligation for Equity F&O,2023-05-22,NSE-F&O - Z,Book Voucher,326.038430,0.000000,12396.459723
Net obligation for Equity F&O,2023-05-23,NSE-F&O - Z,Book Voucher,8413.157004,0.000000,3983.302719
Funds added using UPI from EW1120 with reference number 314992311958    ,2023-05-29,NSE-EQ - Z,Bank Receipts,0.000000,5000.000000,8983.302719
Funds added using UPI from EW1120 with reference number 351538316355    ,2023-05-29,NSE-EQ - Z,Bank Receipts,0.000000,10000.000000,18983.302719
Funds added using UPI from EW1120 with reference number 314952511883    ,2023-05-29,NSE-EQ - Z,Bank Receipts,0.000000,5000.000000,23983.302719
Net obligation for Equity F&O,2023-05-29,NSE-F&O - Z,Book Voucher,2340.546131,0.000000,21642.756588
Net obligation for Equity F&O,2023-05-30,NSE-F&O - Z,Book Voucher,18801.862667,0.000000,2840.893921
DP Charges for Sale of TATAMOTORS on 01/06/2023,2023-06-01,NSE-EQ - Z,Journal Entry,15.930000,0.000000,2824.963921
Net settlement for Equity with settlement number: 2023102,2023-06-01,NSE-EQ - Z,Book Voucher,0.000000,33669.456982,36494.420903
Net obligation for Equity F&O,2023-06-01,NSE-F&O - Z,Book Voucher,0.000000,667.197243,37161.618146
Net obligation for Equity F&O,2023-06-02,NSE-F&O - Z,Book Voucher,446.528521,0.000000,36715.089625
Net obligation for Equity F&O,2023-06-05,NSE-F&O - Z,Book Voucher,11865.233665,0.000000,24849.855960
Net obligation for Equity F&O,2023-06-06,NSE-F&O - Z,Book Voucher,10161.858946,0.000000,14687.997014
Net obligation for Equity F&O,2023-06-09,NSE-F&O - Z,Book Voucher,6977.749706,0.000000,7710.247308
Net obligation for Equity F&O,2023-06-12,NSE-F&O - Z,Book Voucher,0.000000,655.333310,8365.580618
Net obligation for Equity F&O,2023-06-20,NSE-F&O - Z,Book Voucher,3825.868904,0.000000,4539.711714
Funds added using UPI from EW1120 with reference number 353864611876    ,2023-06-21,NSE-EQ - Z,Bank Receipts,0.000000,2500.000000,7039.711714
Net obligation for Equity F&O,2023-06-21,NSE-F&O - Z,Book Voucher,750.049671,0.000000,6289.662043
Net settlement for Equity with settlement number: 2023118,2023-06-23,NSE-EQ - Z,Book Voucher,0.000000,1294.631209,7584.293252
DP Charges for Sale of ARVIND on 23/06/2023,2023-06-23,NSE-EQ - Z,Journal Entry,15.930000,0.000000,7568.363252
Net obligation for Equity F&O,2023-06-27,NSE-F&O - Z,Book Voucher,0.000000,6386.335645,13954.698897
Net settlement for Equity with settlement number: 2023121,2023-06-28,NSE-EQ - Z,Book Voucher,12110.504228,0.000000,1844.194669
Net obligation for Equity F&O,2023-06-28,NSE-F&O - Z,Book Voucher,1798.262802,0.000000,45.931867
DP Charges for Sale of DMCC on 30/06/2023,2023-06-30,NSE-EQ - Z,Journal Entry,15.930000,0.000000,30.001867
Net settlement for Equity with settlement number: 2023122,2023-06-30,NSE-EQ - Z,Book Voucher,0.000000,2821.444986,2851.446853
AMC for Demat Account for 03-02-2023 to 04-05-2023,2023-07-03,NSE-EQ - Z,Journal Entry,88.500000,0.000000,2762.946853
Funds transferred back as part of quarterly settlement with reference number 8a4d428f52fc0d0ff041a0,2023-07-07,NSE-EQ - Z,Bank Payments,2762.950000,0.000000,-0.003147
Funds added using UPI from EW1120 with reference number 319266227156    ,2023-07-11,NSE-EQ - Z,Bank Receipts,0.000000,4000.000000,3999.996853
Net obligation for Equity F&O,2023-07-11,NSE-F&O - Z,Book Voucher,0.000000,3590.549722,7590.546575
Payout of 3590.0/- to BANK OF BARODA 31520100000401 A/C number as per withdrawal request made on 2023-07-12 with reference number 4a25cb61b7,2023-07-12,NSE-EQ - Z,Bank Payments,3590.000000,0.000000,4000.546575
Net obligation for Equity F&O,2023-07-13,NSE-F&O - Z,Book Voucher,0.000000,184.736610,4185.283185
Funds added using UPI from EW1120 with reference number 356149420414    ,2023-07-14,NSE-EQ - Z,Bank Receipts,0.000000,50000.000000,54185.283185
Net obligation for Equity F&O,2023-07-14,NSE-F&O - Z,Book Voucher,0.000000,1201.634322,55386.917507
Net obligation for Equity F&O,2023-07-17,NSE-F&O - Z,Book Voucher,0.000000,4029.588141,59416.505648
Net obligation for Equity F&O,2023-07-18,NSE-F&O - Z,Book Voucher,21713.317816,0.000000,37703.187832
Net obligation for Equity F&O,2023-07-19,NSE-F&O - Z,Book Voucher,10217.143408,0.000000,27486.044424
Net obligation for Equity F&O,2023-07-20,NSE-F&O - Z,Book Voucher,0.000000,2877.210248,30363.254672
DP Charges for Sale of RAILTEL on 21/07/2023,2023-07-21,NSE-EQ - Z,Journal Entry,15.930000,0.000000,30347.324672
Net settlement for Equity with settlement number: 2023137,2023-07-21,NSE-EQ - Z,Book Voucher,0.000000,6915.957601,37263.282273
Net obligation for Equity F&O,2023-07-21,NSE-F&O - Z,Book Voucher,35562.120762,0.000000,1701.161511
Net settlement for Equity with settlement number: 2023138,2023-07-24,NSE-EQ - Z,Book Voucher,0.000000,6773.205645,8474.367156
DP Charges for Sale of RAILTEL on 24/07/2023,2023-07-24,NSE-EQ - Z,Journal Entry,15.930000,0.000000,8458.437156
Net obligation for Equity F&O,2023-07-24,NSE-F&O - Z,Book Voucher,0.000000,17724.805881,26183.243037
Net obligation for Equity F&O,2023-07-25,NSE-F&O - Z,Book Voucher,0.000000,2452.717178,28635.960215
Net obligation for Equity F&O,2023-07-26,NSE-F&O - Z,Book Voucher,2713.199799,0.000000,25922.760416
Net obligation for Equity F&O,2023-07-27,NSE-F&O - Z,Book Voucher,0.000000,6338.851972,32261.612388
Net settlement for Equity with settlement number: 2023142,2023-07-28,NSE-EQ - Z,Book Voucher,16999.899967,0.000000,15261.712421
Net obligation for Equity F&O,2023-07-28,NSE-F&O - Z,Book Voucher,0.000000,4135.138902,19396.851323
Payout of 15261.71/- to BANK OF BARODA 31520100000401 A/C number as per withdrawal request made on 2023-07-28 with reference number e601094434,2023-07-28,NSE-EQ - Z,Bank Payments,15261.710000,0.000000,4135.141323
Net obligation for Equity F&O,2023-05-18,NSE-F&O - Z,Book Voucher,0.000000,5400.340836,12722.498153
Net obligation for Equity F&O,2023-07-31,NSE-F&O - Z,Book Voucher,262.081698,0.000000,3873.059625
Net obligation for Equity F&O,2023-08-01,NSE-F&O - Z,Book Voucher,276.920995,0.000000,3596.138630
Funds added using UPI from EW1120 with reference number 358197612990    ,2023-08-03,NSE-EQ - Z,Bank Receipts,0.000000,10000.000000,13596.138630
Net obligation for Equity F&O,2023-08-03,NSE-F&O - Z,Book Voucher,0.000000,4158.779700,17754.918330
Net obligation for Equity F&O,2023-08-04,NSE-F&O - Z,Book Voucher,0.000000,5283.750747,23038.669077
Payout of 12000.0/- to BANK OF BARODA 31520100000401 A/C number as per withdrawal request made on 2023-08-04 with reference number 3d185484cd,2023-08-04,NSE-EQ - Z,Bank Payments,12000.000000,0.000000,11038.669077
Net obligation for Equity F&O,2023-08-07,NSE-F&O - Z,Book Voucher,0.000000,2765.531810,13804.200887
Funds added using UPI from EW1120 with reference number 322028225017    ,2023-08-08,NSE-EQ - Z,Bank Receipts,0.000000,20000.000000,33804.200887
Net obligation for Equity F&O,2023-08-08,NSE-F&O - Z,Book Voucher,0.000000,5037.168128,38841.369015
Net obligation for Equity F&O,2023-08-09,NSE-F&O - Z,Book Voucher,12596.705771,0.000000,26244.663244
Net obligation for Equity F&O,2023-08-10,NSE-F&O - Z,Book Voucher,0.000000,522.130265,26766.793509
Funds added using UPI from EW1120 with reference number 358910266540    ,2023-08-11,NSE-EQ - Z,Bank Receipts,0.000000,20000.000000,46766.793509
Net obligation for Equity F&O,2023-08-11,NSE-F&O - Z,Book Voucher,0.000000,12399.530994,59166.324503
Payout of 45000.0/- to BANK OF BARODA 31520100000401 A/C number as per withdrawal request made on 2023-08-12 with reference number a7e91bd2c4,2023-08-12,NSE-EQ - Z,Bank Payments,45000.000000,0.000000,14166.324503
Funds added using UPI from EW1120 with reference number 359276983666    ,2023-08-14,NSE-EQ - Z,Bank Receipts,0.000000,20000.000000,34166.324503
Net obligation for Equity F&O,2023-08-14,NSE-F&O - Z,Book Voucher,23198.387652,0.000000,10967.936851
Funds added using UPI from EW1120 with reference number 359459257022    ,2023-08-16,NSE-EQ - Z,Bank Receipts,0.000000,10000.000000,20967.936851
Net obligation for Equity F&O,2023-08-16,NSE-F&O - Z,Book Voucher,21559.575271,0.000000,-591.638420
Net obligation for Equity F&O,2023-08-17,NSE-F&O - Z,Book Voucher,0.000000,18523.319774,17931.681354
Net obligation for Equity F&O,2023-08-18,NSE-F&O - Z,Book Voucher,0.000000,1424.546038,19356.227392
Funds added using UPI from EW1120 with reference number 323324422059    ,2023-08-21,NSE-EQ - Z,Bank Receipts,0.000000,20000.000000,39356.227392
Net obligation for Equity F&O,2023-08-21,NSE-F&O - Z,Book Voucher,38180.278666,0.000000,1175.948726
Net obligation for Equity F&O,2023-08-22,NSE-F&O - Z,Book Voucher,0.000000,4323.707424,5499.656150
Net obligation for Equity F&O,2023-08-24,NSE-F&O - Z,Book Voucher,0.000000,2060.235162,7559.891312
Net obligation for Equity F&O,2023-08-28,NSE-F&O - Z,Book Voucher,7670.832524,0.000000,-110.941212
Net obligation for Equity F&O,2023-08-29,NSE-F&O - Z,Book Voucher,0.000000,6509.091127,6398.149915
Funds added using UPI from EW1120 with reference number 360879124283    ,2023-08-30,NSE-EQ - Z,Bank Receipts,0.000000,20000.000000,26398.149915
Funds added using UPI from EW1120 with reference number 360814116199    ,2023-08-30,NSE-EQ - Z,Bank Receipts,0.000000,10000.000000,36398.149915
Funds added using UPI from EW1120 with reference number 360887532460    ,2023-08-30,NSE-EQ - Z,Bank Receipts,0.000000,30000.000000,66398.149915
Net obligation for Equity F&O,2023-08-30,NSE-F&O - Z,Book Voucher,65652.217596,0.000000,745.932319
Net obligation for Equity F&O,2023-08-31,NSE-F&O - Z,Book Voucher,0.000000,22069.212498,22815.144817
Payout of 21000.0/- to BANK OF BARODA 31520100000401 A/C number as per withdrawal request made on 2023-09-01 with reference number 215fd986a3,2023-09-01,NSE-EQ - Z,Bank Payments,21000.000000,0.000000,1815.144817
Net obligation for Equity F&O,2023-09-05,NSE-F&O - Z,Book Voucher,0.000000,3.769867,1818.914684
Net obligation for Equity F&O,2023-09-06,NSE-F&O - Z,Book Voucher,329.126692,0.000000,1489.787992
Net obligation for Equity F&O,2023-09-07,NSE-F&O - Z,Book Voucher,389.123328,0.000000,1100.664664
Net obligation for Equity F&O,2023-09-08,NSE-F&O - Z,Book Voucher,0.000000,298.583020,1399.247684
Net obligation for Equity F&O,2023-09-11,NSE-F&O - Z,Book Voucher,177.957760,0.000000,1221.289924
Net obligation for Equity F&O,2023-09-13,NSE-F&O - Z,Book Voucher,280.156101,0.000000,941.133823
Funds added using UPI from EW1120 with reference number 362375535974    ,2023-09-14,NSE-EQ - Z,Bank Receipts,0.000000,5000.000000,5941.133823
Net obligation for Equity F&O,2023-09-14,NSE-F&O - Z,Book Voucher,0.000000,151.691588,6092.825411
Net obligation for Equity F&O,2023-09-15,NSE-F&O - Z,Book Voucher,0.000000,4815.217720,10908.043131
Net obligation for Equity F&O,2023-09-18,NSE-F&O - Z,Book Voucher,0.000000,590.345827,11498.388958
Payout of 9000.0/- to BANK OF BARODA 31520100000401 A/C number as per withdrawal request made on 2023-09-16 with reference number f01dca09e7,2023-09-18,NSE-EQ - Z,Bank Payments,9000.000000,0.000000,2498.388958
Net obligation for Equity F&O,2023-09-20,NSE-F&O - Z,Book Voucher,0.000000,59.448606,2557.837564
Funds added using UPI from EW1120 with reference number 326426123263    ,2023-09-21,NSE-EQ - Z,Bank Receipts,0.000000,4000.000000,6557.837564
Funds added using UPI from EW1120 with reference number 363004125973    ,2023-09-21,NSE-EQ - Z,Bank Receipts,0.000000,5000.000000,11557.837564
Funds added using UPI from EW1120 with reference number 363010823448    ,2023-09-21,NSE-EQ - Z,Bank Receipts,0.000000,10000.000000,21557.837564
Net obligation for Equity F&O,2023-09-21,NSE-F&O - Z,Book Voucher,3905.019586,0.000000,17652.817978
Funds added using UPI from EW1120 with reference number 326553762267    ,2023-09-22,NSE-EQ - Z,Bank Receipts,0.000000,10000.000000,27652.817978
Net obligation for Equity F&O,2023-09-22,NSE-F&O - Z,Book Voucher,9754.988354,0.000000,17897.829624
Net obligation for Equity F&O,2023-09-25,NSE-F&O - Z,Book Voucher,0.000000,3318.429819,21216.259443
Net obligation for Equity F&O,2023-09-26,NSE-F&O - Z,Book Voucher,2732.506680,0.000000,18483.752763
Net obligation for Equity F&O,2023-09-27,NSE-F&O - Z,Book Voucher,0.000000,3975.458220,22459.210983
Funds added using UPI from EW1120 with reference number 327138505540    ,2023-09-28,NSE-EQ - Z,Bank Receipts,0.000000,10000.000000,32459.210983
Net obligation for Equity F&O,2023-09-28,NSE-F&O - Z,Book Voucher,33083.377372,0.000000,-624.166389
DP Charges for Sale of RBLBANK on 29/09/2023,2023-09-29,NSE-EQ - Z,Journal Entry,15.930000,0.000000,-640.096389
Net settlement for Equity with settlement number: 2023185,2023-09-29,NSE-EQ - Z,Book Voucher,0.000000,1234.432071,594.335682
Net obligation for Equity F&O,2023-09-29,NSE-F&O - Z,Book Voucher,0.000000,1893.835039,2488.170721
AMC for Demat Account for 05-05-2023 to 03-08-2023,2023-10-02,NSE-EQ - Z,Journal Entry,88.500000,0.000000,2399.670721
Net obligation for Equity F&O,2023-10-03,NSE-F&O - Z,Book Voucher,0.000000,1972.327740,4371.998461
Net obligation for Equity F&O,2023-10-04,NSE-F&O - Z,Book Voucher,2586.349591,0.000000,1785.648870
Net obligation for Equity F&O,2023-10-05,NSE-F&O - Z,Book Voucher,574.728590,0.000000,1210.920280
Funds transferred back as part of quarterly settlement  with reference number 947f9bcc9afcf5cbf43c9c,2023-10-06,NSE-EQ - Z,Bank Payments,1210.920280,0.000000,0.000000
Funds added using UPI from EW1120 with reference number 364893465115    ,2023-10-09,NSE-EQ - Z,Bank Receipts,0.000000,1000.000000,1000.000000
Funds added using UPI from EW1120 with reference number 328312328012    ,2023-10-10,NSE-EQ - Z,Bank Receipts,0.000000,2000.000000,3000.000000
Net obligation for Equity F&O,2023-10-10,NSE-F&O - Z,Book Voucher,0.000000,244.760165,3244.760165
Net obligation for Equity F&O,2023-10-11,NSE-F&O - Z,Book Voucher,145.188052,0.000000,3099.572113
Net obligation for Equity F&O,2023-10-12,NSE-F&O - Z,Book Voucher,0.000000,325.053541,3424.625654
Net obligation for Equity F&O,2023-10-16,NSE-F&O - Z,Book Voucher,0.000000,304.268729,3728.894383
Funds added using UPI from EW1120 with reference number 329067114547    ,2023-10-17,NSE-EQ - Z,Bank Receipts,0.000000,5000.000000,8728.894383
Net obligation for Equity F&O,2023-10-17,NSE-F&O - Z,Book Voucher,0.000000,715.292011,9444.186394
Net obligation for Equity F&O,2023-10-18,NSE-F&O - Z,Book Voucher,0.000000,6321.913598,15766.099992
Net obligation for Equity F&O,2023-10-19,NSE-F&O - Z,Book Voucher,9507.549567,0.000000,6258.550425
Net obligation for Equity F&O,2023-10-20,NSE-F&O - Z,Book Voucher,2125.985424,0.000000,4132.565001
DP Charges for Sale of IPCALAB on 23/10/2023,2023-10-23,NSE-EQ - Z,Journal Entry,15.930000,0.000000,4116.635001
Net settlement for Equity with settlement number: 2023200,2023-10-23,NSE-EQ - Z,Book Voucher,0.000000,19754.289813,23870.924814
Net obligation for Equity F&O,2023-10-23,NSE-F&O - Z,Book Voucher,0.000000,3189.159264,27060.084078
Net obligation for Equity F&O,2023-10-25,NSE-F&O - Z,Book Voucher,7742.805047,0.000000,19317.279031
Net obligation for Equity F&O,2023-10-26,NSE-F&O - Z,Book Voucher,0.000000,406.449600,19723.728631
Net obligation for Equity F&O,2023-10-27,NSE-F&O - Z,Book Voucher,13323.019114,0.000000,6400.709517
Net obligation for Equity F&O,2023-10-30,NSE-F&O - Z,Book Voucher,0.000000,903.843124,7304.552641
Net obligation for Equity F&O,2023-10-31,NSE-F&O - Z,Book Voucher,0.000000,43.839676,7348.392317
Net obligation for Equity F&O,2023-11-01,NSE-F&O - Z,Book Voucher,0.000000,1392.427238,8740.819555
Net obligation for Equity F&O,2023-11-02,NSE-F&O - Z,Book Voucher,218.936258,0.000000,8521.883297
Net obligation for Equity F&O,2023-11-03,NSE-F&O - Z,Book Voucher,5785.617132,0.000000,2736.266165
Funds added using UPI from EW1120 with reference number 331066219787    ,2023-11-06,NSE-EQ - Z,Bank Receipts,0.000000,5000.000000,7736.266165
Net obligation for Equity F&O,2023-11-06,NSE-F&O - Z,Book Voucher,789.168436,0.000000,6947.097729
Net obligation for Equity F&O,2023-11-07,NSE-F&O - Z,Book Voucher,0.000000,249.915613,7197.013342
Funds added using UPI from EW1120 with reference number 367895209366    ,2023-11-08,NSE-EQ - Z,Bank Receipts,0.000000,10000.000000,17197.013342
Net obligation for Equity F&O,2023-11-08,NSE-F&O - Z,Book Voucher,0.000000,2659.441968,19856.455310
Funds added using UPI from EW1120 with reference number 367967964349    ,2023-11-09,NSE-EQ - Z,Bank Receipts,0.000000,10000.000000,29856.455310
Net obligation for Equity F&O,2023-11-09,NSE-F&O - Z,Book Voucher,17521.589938,0.000000,12334.865372
Net obligation for Equity F&O,2023-11-10,NSE-F&O - Z,Book Voucher,2138.516115,0.000000,10196.349257
Net obligation for Equity F&O,2023-11-13,NSE-F&O - Z,Book Voucher,4280.820861,0.000000,5915.528396
Net obligation for Equity F&O,2023-11-16,NSE-F&O - Z,Book Voucher,0.000000,2569.874175,8485.402571
Net obligation for Equity F&O,2023-11-17,NSE-F&O - Z,Book Voucher,2771.007300,0.000000,5714.395271
Net obligation for Equity F&O,2023-11-20,NSE-F&O - Z,Book Voucher,2317.648254,0.000000,3396.747017
Net obligation for Equity F&O,2023-11-21,NSE-F&O - Z,Book Voucher,2452.011742,0.000000,944.735275
Net obligation for Equity F&O,2023-11-22,NSE-F&O - Z,Book Voucher,223.596288,0.000000,721.138987
Net obligation for Equity F&O,2023-11-29,NSE-F&O - Z,Book Voucher,0.000000,126.312424,847.451411
Net obligation for Equity F&O,2023-12-01,NSE-F&O - Z,Book Voucher,182.771709,0.000000,664.679702
AMC for Demat Account for 04-08-2023 to 02-11-2023,2024-01-01,NSE-EQ - Z,Journal Entry,88.500000,0.000000,576.179702
Net settlement for Equity with settlement number: 2024001,2024-01-01,NSE-EQ - Z,Book Voucher,0.000000,18892.629005,19468.808707
DP Charges for Sale of YESBANK on 01/01/2024,2024-01-01,NSE-EQ - Z,Journal Entry,15.930000,0.000000,19452.878707
Net settlement for Equity with settlement number: 2024003,2024-01-03,NSE-EQ - Z,Book Voucher,6583.279468,0.000000,12869.599239
Net settlement for Equity with settlement number: 2024005,2024-01-05,NSE-EQ - Z,Book Voucher,6923.670801,0.000000,5945.928438
Funds added using UPI from EW1120 with reference number 437429199689    ,2024-01-08,NSE-EQ - Z,Bank Receipts,0.000000,10000.000000,15945.928438
Net obligation for Equity F&O,2024-01-09,NSE-F&O - Z,Book Voucher,0.000000,478.782601,16424.711039
Net obligation for Equity F&O,2024-01-10,NSE-F&O - Z,Book Voucher,0.000000,1996.543680,18421.254719
Net obligation for Equity F&O,2024-01-11,NSE-F&O - Z,Book Voucher,0.000000,2783.367247,21204.621966
Net obligation for Equity F&O,2024-01-12,NSE-F&O - Z,Book Voucher,833.446036,0.000000,20371.175930
Payout of 12000.0/- to BANK OF BARODA 31520100000401 A/C number as per withdrawal request made on 2024-01-12 with reference number 803720be19,2024-01-12,NSE-EQ - Z,Bank Payments,12000.000000,0.000000,8371.175930
Funds added using UPI from EW1120 with reference number 401590144232    ,2024-01-15,NSE-EQ - Z,Bank Receipts,0.000000,10000.000000,18371.175930
Net obligation for Equity F&O,2024-01-15,NSE-F&O - Z,Book Voucher,0.000000,274.270537,18645.446467
Net obligation for Equity F&O,2024-01-16,NSE-F&O - Z,Book Voucher,0.000000,1152.646511,19798.092978
Net obligation for Equity F&O,2024-01-17,NSE-F&O - Z,Book Voucher,0.000000,478.328877,20276.421855
Net obligation for Equity F&O,2024-01-18,NSE-F&O - Z,Book Voucher,9952.931877,0.000000,10323.489978
Funds added using UPI from EW1120 with reference number 438594302591    ,2024-01-19,NSE-EQ - Z,Bank Receipts,0.000000,5000.000000,15323.489978
Net obligation for Equity F&O,2024-01-19,NSE-F&O - Z,Book Voucher,89.601117,0.000000,15233.888861
Net obligation for Equity F&O,2024-01-23,NSE-F&O - Z,Book Voucher,0.000000,4883.122238,20117.011099
Payout of 10000.0/- to BANK OF BARODA 31520100000401 A/C number as per withdrawal request made on 2024-01-23 with reference number 00747c59ab,2024-01-23,NSE-EQ - Z,Bank Payments,10000.000000,0.000000,10117.011099
Funds added using UPI from EW1120 with reference number 439070602627    ,2024-01-24,NSE-EQ - Z,Bank Receipts,0.000000,10000.000000,20117.011099
Net obligation for Equity F&O,2024-01-24,NSE-F&O - Z,Book Voucher,1196.823770,0.000000,18920.187329
Net obligation for Equity F&O,2024-01-25,NSE-F&O - Z,Book Voucher,0.000000,3968.198470,22888.385799
Payout of 12000.0/- to BANK OF BARODA 31520100000401 A/C number as per withdrawal request made on 2024-01-25 with reference number aeb974af36,2024-01-25,NSE-EQ - Z,Bank Payments,12000.000000,0.000000,10888.385799
DP Charges for Sale of HCLTECH on 29/01/2024,2024-01-29,NSE-EQ - Z,Journal Entry,15.930000,0.000000,10872.455799
Bank Modification Charges,2024-01-29,NSE-EQ - Z,Journal Entry,29.500000,0.000000,10842.955799
Net obligation for Equity F&O,2024-01-29,NSE-F&O - Z,Book Voucher,1409.480830,0.000000,9433.474969
Net settlement for Equity with settlement number: 2024020,2024-01-29,NSE-EQ - Z,Book Voucher,0.000000,10992.540227,20426.015196
Net obligation for Equity F&O,2024-01-30,NSE-F&O - Z,Book Voucher,18508.763228,0.000000,1917.251968
DP Charges for Sale of UNITECH on 31/01/2024,2024-01-31,NSE-EQ - Z,Journal Entry,15.930000,0.000000,1901.321968
Net settlement for Equity with settlement number: 2024022,2024-01-31,NSE-EQ - Z,Book Voucher,0.000000,7043.899955,8945.221923
Net obligation for Equity F&O,2024-01-31,NSE-F&O - Z,Book Voucher,0.000000,89.721413,9034.943336
Net obligation for Equity F&O,2024-02-05,NSE-F&O - Z,Book Voucher,0.000000,1841.666865,10876.610201
Payout of 2000.0/- to ICICI BANK LTD 428101504234 A/C number as per withdrawal request made on 2024-02-05 with reference number bb165bffc8,2024-02-05,NSE-EQ - Z,Bank Payments,2000.000000,0.000000,8876.610201
Net obligation for Equity F&O,2024-02-06,NSE-F&O - Z,Book Voucher,0.000000,12063.183284,20939.793485
Payout of 8500.0/- to ICICI BANK LTD 428101504234 A/C number as per withdrawal request made on 2024-02-06 with reference number 6473ea5f39,2024-02-06,NSE-EQ - Z,Bank Payments,8500.000000,0.000000,12439.793485
Funds added using UPI from EW1120 with reference number 440492344395    ,2024-02-07,NSE-EQ - Z,Bank Receipts,0.000000,10000.000000,22439.793485
Net obligation for Equity F&O,2024-02-07,NSE-F&O - Z,Book Voucher,7457.770070,0.000000,14982.023415
DP Charges for Sale of HINDPETRO on 08/02/2024,2024-02-08,NSE-EQ - Z,Journal Entry,15.930000,0.000000,14966.093415
Net settlement for Equity with settlement number: 2024028,2024-02-08,NSE-EQ - Z,Book Voucher,0.000000,6067.091318,21033.184733
Payout of 14966.09/- to ICICI BANK LTD 428101504234 A/C number as per withdrawal request made on 2024-02-08 with reference number 983a1af694,2024-02-08,NSE-EQ - Z,Bank Payments,14966.090000,0.000000,6067.094733
Net settlement for Equity with settlement number: 2024032,2024-02-14,NSE-EQ - Z,Book Voucher,6022.170675,0.000000,44.924058
Funds transferred back as part of quarterly settlement (inactive)  with reference number ee4daed2ab8b0006e4aab8,2024-03-15,NSE-EQ - Z,Bank Payments,44.920000,0.000000,0.004058
AMC for Demat Account for 03-11-2023 to 01-02-2024,2024-03-31,NSE-EQ - Z,Journal Entry,29.500000,0.000000,-29.495942
Closing Balance,,,,,,-29.495942
